,stmt_date,stmt_desc,stmt_exp
0,01/02/17,THE HOME DEPOT 0459,9.76
1,01/20/17,THE HOME DEPOT 0475,36.88
2,01/23/17,AMAZING AWARDS,13.03
3,01/26/17,HARBOR FREIGHT TOOLS 1,73.84
4,01/27/17,HARBOR FREIGHT TOOLS 1,3.89
5,02/01/17,THE HOME DEPOT 0475,4.34
6,02/06/17,SAMS CLUB 4732,11.24
7,02/15/17,HARBOR FREIGHT TOOLS 1,4.33
8,03/01/17,THE HOME DEPOT 0459,35.78
9,03/04/17,THE HOME DEPOT 0459,45.87
10,03/11/17,THE HOME DEPOT 0459,4.52
11,03/13/17,THE HOME DEPOT 0459,31.94
12,03/16/17,THE HOME DEPOT 0459,19.59
13,03/21/17,ALLIANCE LUMBER GLENDA,258.93
14,03/22/17,SAMS CLUB 4732,5.49
15,03/23/17,ACE HARDWARE,3.08
16,03/27/17,DOLLAR TREE,14.82
17,03/27/17,WAL-MART 1532,24.48
18,03/30/17,DOLLAR TREE,8.33
19,03/31/17,HARBOR FREIGHT TOOLS 1,14.10
20,04/04/17,BIG LOTS 4634,4.50
21,04/04/17,THE HOME DEPOT 0459,12.19
22,04/08/17,WM SUPERCENTER 1532,13.04
23,04/10/17,THE HOME DEPOT 0459,113.21
24,04/11/17,PAULDEN AREA ACE HARDW,6.81
25,04/12/17,SAMS CLUB 4732,13.34
26,04/14/17,FARMERS INS BILLING,481.00
27,04/19/17,THE HOME DEPOT 0446 PRESCOTT,69.95
28,04/26/17,ALLIANCE LUMBER GLENDA,83.87
29,04/26/17,SAMS CLUB 4732,5.49
30,04/26/17,THE HOME DEPOT 0459,83.05
31,04/27/17,DOLLAR TREE,10.25
32,04/27/17,TOTAL WINE AND MORE 10,28.61
33,04/29/17,SAMSCLUB 4732,10.98
34,05/01/17,BIG LOTS 4634,4.10
35,05/01/17,BIG LOTS 4634,12.81
36,05/06/17,THE HOME DEPOT 0452,28.93
37,05/13/17,GOODWILL CENTRAL AZ 61,5.00
38,05/15/17,HARBOR FREIGHT TOOLS 1,16.59
39,05/15/17,THE HOME DEPOT 0459,10.89
40,05/15/17,WM SUPERCENTER 1532,14.89
41,05/18/17,DOLLAR TREE,2.18
42,05/18/17,NOWILY.COM,1.00
43,05/20/17,COSTCO WHSE 0674,5.06
44,05/23/17,NOWILY.COM,39.99
45,06/08/17,BIG LOTS 4634,10.30
46,06/29/17,BIG LOTS 4634,8.51
47,06/30/17,BIG LOTS 4634,5.89
48,07/04/17,DOLLAR TREE,8.60
49,07/05/17,THE HOME DEPOT 0452,50.02
50,07/06/17,ALLIANCE LUMBER GLENDA,240.28
51,07/06/17,HARBOR FREIGHT TOOLS 1,10.85
52,07/07/17,COSTCO WHSE 0674,67.35
53,07/10/17,PAULDEN AREA ACE HARDW,15.28
54,07/13/17,THE HOME DEPOT 0459,311.07
55,07/14/17,THE HOME DEPOT 0405,40.72
56,07/14/17,THE HOME DEPOT 0405,162.71
57,07/15/17,5010 ALLIED BLDG PROD,107.27
58,07/17/17,THE HOME DEPOT 0452,12.86
59,07/19/17,ACE HARDWARE,21.59
60,07/20/17,MEDIABINN.COM,1.00
61,07/20/17,THE HOME DEPOT 0459,6.52
62,07/20/17,THE HOME DEPOT 0459,50.06
63,07/25/17,MEDIABINN.COM,1.00
64,07/28/17,LOWES 01157,86.42
65,07/28/17,PRESCOTT DIRT LLC,23.49
66,07/31/17,BIG LOTS 4634,10.51
67,08/01/17,PRESCOTT DIRT LLC,35.46
68,08/02/17,THE HOME DEPOT 0452,150.00
69,08/07/17,ACE HARDWARE,25.65
70,08/07/17,SKRAbeBooks.co 434KPP,13.97
71,08/07/17,SKRAbeBooks.co 434KPQ,13.82
72,08/08/17,COSTCO WHSE 0674,18.01
73,08/08/17,THE HOME DEPOT 0475,31.16
74,08/09/17,THE HOME DEPOT 0475,8.67
75,08/09/17,THE HOME DEPOT 0475,9.80
76,08/11/17,THE HOME DEPOT 0475,-5.00
77,08/11/17,THE HOME DEPOT 0475,35.39
78,08/12/17,GOODWILL CENTRAL AZ 09,4.00
79,08/12/17,GOODWILL CENTRAL AZ 10,7.00
80,08/14/17,SAMS CLUB 4732,33.12
81,08/14/17,SAMS CLUB 4732,519.95
82,08/14/17,SAMS CLUB 6608,172.45
83,08/14/17,THE HOME DEPOT 0459,36.86
84,08/16/17,PAULDEN AREA ACE HARDW,2.07
85,08/16/17,PRESCOTT DIRT LLC,46.97
86,08/17/17,THE HOME DEPOT 0452,103.32
87,08/18/17,PRESCOTT DIRT LLC,28.09
88,08/19/17,THE HOME DEPOT 0452,117.50
89,08/22/17,LOWES 01157,69.56
90,08/22/17,PRESCOTT DIRT LLC,35.92
91,08/25/17,MEDIABINN.COM,1.00
92,08/25/17,WAGNER TOOLS INC,25.00
93,08/28/17,BIG LOTS 4634,4.15
94,08/28/17,THE HOME DEPOT 0459,26.18
95,08/30/17,ACE HARDWARE,5.56
96,08/30/17,COSTCO WHSE 0674,8.19
97,08/30/17,THE HOME DEPOT 0459,26.18
98,08/30/17,THE HOME DEPOT 0459,-26.18
99,08/31/17,DOLLAR TREE,6.15
100,08/31/17,HARBOR FREIGHT TOOLS 1,11.60
101,09/04/17,BIG LOTS 4634,15.89
102,09/04/17,THE HOME DEPOT 0459,46.27
103,09/09/17,THE HOME DEPOT 0464,17.32
104,09/11/17,BIG LOTS 4634,4.31
105,09/11/17,THE HOME DEPOT 0459,37.06
106,09/15/17,THE HOME DEPOT 0464,-2.90
107,09/15/17,THE HOME DEPOT 0464,6.66
108,09/15/17,THE HOME DEPOT 0464,32.56
109,09/16/17,GOODWILL CENTRAL AZ 61,9.00
110,09/21/17,DOLLAR TREE,10.38
111,09/21/17,WAGNER TOOLS INC,135.82
112,09/22/17,HARBOR FREIGHT TOOLS 1,43.43
113,09/23/17,GOODWILL CENTRAL AZ 09,11.99
114,09/25/17,MEDIABINN.COM,1.00
115,09/26/17,PRESCOTT DIRT LLC,46.05
116,09/29/17,LOWES 01157,143.85
117,10/03/17,BIG LOTS 4634,32.80
118,10/11/17,THE HOME DEPOT 0459,44.17
119,10/16/17,FARMERS INS BILLING,519.00
120,10/16/17,FARMERS INS BILLING,611.40
121,10/20/17,FARMERS INS BILLING,384.04
122,10/20/17,FARMERS INS BILLING,516.66
123,10/20/17,LOWES 01157,-15.11
124,10/20/17,LOWES 01157,45.49
125,10/21/17,ALLIANCE LUMBER GLENDA,98.28
126,10/21/17,SAMS CLUB 6608,19.05
127,10/23/17,COSTCO WHSE 0674,10.15
128,10/23/17,SAMSCLUB 4732,27.78
129,10/25/17,A G TURF EQUIPMENT IN,250.82
130,10/25/17,THE HOME DEPOT 0459,57.31
131,10/28/17,5010 ALLIED BLDG PROD,364.28
132,10/28/17,PRESCOTT DIRT LLC,46.97
133,11/04/17,COSTCO WHSE 0674,17.59
134,11/04/17,HARBOR FREIGHT TOOLS 1,13.12
135,11/06/17,THE HOME DEPOT 0459,47.70
136,11/06/17,WM SUPERCENTER 1532,6.38
137,11/07/17,5010 ALLIED BLDG PROD,364.28
138,11/11/17,HARBOR FREIGHT TOOLS 1,9.55
139,11/13/17,ACE HARDWARE,-27.30
140,11/13/17,ACE HARDWARE,49.13
141,11/13/17,BIG LOTS 4634,6.56
142,11/13/17,COSTCO WHSE 0674,35.80
143,11/13/17,THE HOME DEPOT 0459,7.86
144,11/13/17,THE HOME DEPOT 0459,32.69
145,11/17/17,PAULDEN AREA ACE HARDW,7.84
146,11/17/17,PAULDEN AREA ACE HARDW,16.97
147,11/21/17,WWWTOTALAV.COM,8.99
148,11/24/17,COPPER STATE - BLL,19.60
149,11/24/17,THE HOME DEPOT 0459,33.38
150,11/28/17,COSTCO WHSE 0674,23.64
151,11/29/17,HARBOR FREIGHT TOOLS 1,4.56
152,12/13/17,COSTCO WHSE 0674,28.51
153,12/20/17,WWWTOTALAV.COM,8.99
154,12/23/17,THRIFT BOOKS GLOBAL LL,20.92
155,01/02/17,LAHABRA GROCERY OUT,80.88
156,01/02/17,LAHABRA GROCERY OUTSSS,-7.98
157,01/03/17,ALBERTSONS 0971,22.29
158,01/05/17,ALBERTSONS 0971,37.87
159,01/06/17,ALBERTSONS 0971 SSS,-7.11
160,01/06/17,SPROUTS FARMERS MAR,8.61
161,01/09/17,FRYS-FOOD-DRG 060,10.25
162,01/12/17,SAFEWAY STORE00002402,21.98
163,01/12/17,SPROUTS FARMERS MAR,2.05
164,01/12/17,SPROUTS FARMERS MAR,4.10
165,01/16/17,99 CENTS ONLY STORES 2,34.92
166,01/17/17,ALBERTSONS 0971,45.11
167,01/18/17,SPROUTS FARMERS MAR,1.56
168,01/20/17,SPROUTS FARMERS MAR,3.09
169,01/23/17,FOOD CITY 105,10.93
170,01/23/17,FOOD CITY 105,38.99
171,01/27/17,99-CENTS-ONLY 0322,10.47
172,01/27/17,SPROUTS FARMERS MAR,3.72
173,01/30/17,99-CENTS-ONLY 0122,28.53
174,01/31/17,ALBERTSONS 0971,7.82
175,01/31/17,ALBERTSONS 0971,33.91
176,01/31/17,FOOD CITY 104,18.71
177,02/01/17,SAFEWAY STORE00002402,1.74
178,02/01/17,SAFEWAY STORE00002402,18.60
179,02/06/17,99 CENTS ONLY STORES 2,17.35
180,02/06/17,ALBERTSONS 0971,18.20
181,02/08/17,FRYS-MKTPLACE 617,5.82
182,02/14/17,BASHAS 120,3.03
183,02/14/17,BASHAS 120,4.17
184,02/16/17,WAL-MART 3241,62.53
185,02/21/17,99 CENTS ONLY STORES 2,4.32
186,02/21/17,ALBERTSONS 0971,8.84
187,02/21/17,ALBERTSONS 0971,15.66
188,02/27/17,TRADER JOES 085 QPS,12.26
189,03/02/17,SAFEWAY STORE00002402,9.34
190,03/02/17,SAFEWAY STORE00002402,10.78
191,03/04/17,99 CENTS ONLY STORES 2,4.10
192,03/06/17,FRYS-MKTPLACE 625,16.03
193,03/10/17,SAFEWAY STORE00002402,5.08
194,03/14/17,FRYS-MKTPLACE 617,6.84
195,03/15/17,ALBERTSONS 0941,7.96
196,03/16/17,FOOD CITY 105,3.94
197,03/16/17,SAFEWAY STORE00002402,11.96
198,03/17/17,99-CENTS-ONLY 0322,3.26
199,03/17/17,SPROUTS FARMERS MAR,8.69
200,03/18/17,99 CENTS ONLY STORES 2,9.83
201,03/20/17,WM SUPERCENTER 3241,4.99
202,03/21/17,FRYS-MKTPLACE 617,3.08
203,03/23/17,SAFEWAY STORE00002402,1.76
204,03/23/17,WM SUPERCENTER 3241,18.61
205,03/24/17,99 CENTS ONLY STORES 2,7.18
206,03/31/17,99 CENTS ONLY STORES 2,2.18
207,03/31/17,WAL-MART 3241,13.04
208,04/03/17,LAHABRA GROCERY OUT,60.86
209,04/04/17,ALBERTSONS 0971,13.76
210,04/04/17,ALBERTSONS 0971,18.27
211,04/06/17,SAFEWAY STORE00002402,1.54
212,04/08/17,WAL-MART 3241,4.35
213,04/10/17,99 CENTS ONLY STORES 2,8.41
214,04/10/17,99-CENTS-ONLY 0131,4.17
215,04/11/17,SAFEWAY STORE00015107,2.28
216,04/12/17,SAFEWAY STORE 00017475 CHINO,9.92
217,04/18/17,PURITANS PRIDE,81.46
218,04/24/17,ALBERTSONS 0971,11.63
219,04/24/17,ALBERTSONS 0971,17.17
220,04/25/17,99-CENTS-ONLY 0322,13.50
221,04/26/17,WM SUPERCENTER 3241,5.87
222,04/28/17,FOOD CITY 142,3.04
223,05/09/17,99-CENTS-ONLY 0322,9.49
224,05/13/17,99-CENTS-ONLY 0322,2.17
225,05/18/17,FOOD CITY 105,4.36
226,05/19/17,SPROUTS FARMERS MAR,5.76
227,05/19/17,WAL-MART 3241,15.36
228,05/20/17,99 CENTS ONLY STORES 2,11.16
229,05/20/17,WM SUPERCENTER 3241,8.12
230,06/07/17,99-CENTS-ONLY 0322,6.17
231,06/09/17,SPROUTS FARMERS MAR,4.17
232,06/10/17,99 CENTS ONLY STORES 2,28.69
233,06/15/17,99-CENTS-ONLY 0322,9.00
234,06/15/17,SAFEWAY STORE00002402,12.23
235,06/22/17,99 CENTS ONLY STORES 2,7.45
236,06/30/17,SPROUTS FARMERS MAR,7.55
237,07/01/17,FOOD CITY 105,3.94
238,07/01/17,FOOD CITY 105,10.90
239,07/01/17,SMITHS FOOD 4190,27.65
240,07/03/17,FRYS-FOOD-DRG 060,4.43
241,07/04/17,WM SUPERCENTER 5303,66.95
242,07/05/17,99 CENTS ONLY STORES 2,3.08
243,07/05/17,99 CENTS ONLY STORES 2,15.90
244,07/06/17,ALBERTSONS 0971,45.09
245,07/07/17,FRYS-MKTPLACE 625,37.81
246,07/10/17,FOOD CITY 105,2.65
247,07/10/17,FOOD CITY 105,5.21
248,07/11/17,FOOD CITY 105,9.19
249,07/11/17,FOOD CITY 105,55.67
250,07/11/17,FRYS-MKTPLACE 625,23.09
251,07/14/17,FOOD CITY 105,3.51
252,07/17/17,99-CENTS-ONLY 0122,4.00
253,07/17/17,99-CENTS-ONLY 0122,25.64
254,07/22/17,FOOD CITY 105,5.83
255,07/22/17,SPROUTS FARMERS MAR,5.84
256,07/25/17,FRYS-FOOD-DRG 045,19.35
257,07/26/17,99 CENTS ONLY STORES 2,2.05
258,07/26/17,FRYS-MKTPLACE 617,4.49
259,07/26/17,SAFEWAY STORE00015107,7.67
260,07/31/17,ALBERTSONS 0941,7.92
261,07/31/17,ALBERTSONS 0941,31.58
262,07/31/17,FOOD CITY 105,8.59
263,07/31/17,WAL-MART 3241,4.12
264,08/01/17,BASHAS 120,8.86
265,08/01/17,FRYS-MKTPLACE 625,13.08
266,08/04/17,FOOD CITY 105,4.47
267,08/04/17,FRYS-MKTPLACE 625,8.64
268,08/04/17,SPROUTS FARMERS MAR,4.10
269,08/05/17,99 CENTS ONLY STORES 2,3.08
270,08/05/17,WM SUPERCENTER 3241,25.85
271,08/07/17,GROCERY OUTLET OF L LA,11.80
272,08/08/17,99 CENTS ONLY STORES 2,2.18
273,08/09/17,99-CENTS-ONLY 0322,9.34
274,08/10/17,LAMS FAMILY MARKET,7.60
275,08/11/17,SPROUTS FARMERS MAR,5.57
276,08/14/17,FRYS-MKTPLACE 625,34.60
277,08/14/17,WAL-MART 3241,4.35
278,08/15/17,BASHAS 120,1.11
279,08/15/17,BASHAS 120,1.15
280,08/15/17,FRYS-MKTPLACE 617,34.92
281,08/15/17,SPROUTS FARMERS MAR,4.17
282,08/16/17,FRYS-MKTPLACE 625,15.26
283,08/16/17,WM SUPERCENTER 1417,17.03
284,08/18/17,FRYS-FOOD-DRG0077,4.05
285,08/18/17,SPROUTS FARMERS MAR,10.62
286,08/21/17,FOOD CITY 105,5.57
287,08/25/17,FOOD CITY 105,6.55
288,08/25/17,SPROUTS FARMERS MAR,9.35
289,08/28/17,99-CENTS-ONLY 0122,14.58
290,08/30/17,99-CENTS-ONLY 0322,8.38
291,08/31/17,ALBERTSONS STO00019711,3.01
292,09/01/17,99-CENTS-ONLY 0322,5.00
293,09/01/17,SPROUTS FARMERS MAR,4.07
294,09/07/17,FRYS-FOOD-DRG 060,6.52
295,09/08/17,ALBERTSONS STO00039412,13.72
296,09/08/17,ALBERTSONS STO00039412,48.28
297,09/08/17,FOOD CITY 105,7.27
298,09/08/17,FOOD CITY 105,15.68
299,09/11/17,99 CENTS ONLY STORES 2,11.24
300,09/12/17,SPROUTS FARMERS MAR,10.52
301,09/13/17,99 CENTS ONLY STORES 2,3.27
302,09/14/17,SAFEWAY STORE00002402,5.72
303,09/15/17,FOOD CITY 104,8.34
304,09/18/17,BASHAS 113,4.00
305,09/18/17,BASHAS 113,4.01
306,09/20/17,99-CENTS-ONLY 0322,7.00
307,09/20/17,99-CENTS-ONLY 0322,12.00
308,09/21/17,PURITANS PRIDE,129.65
309,09/22/17,SPROUTS FARMERS MAR,19.38
310,09/25/17,99-CENTS-ONLY 0122,12.87
311,09/26/17,FOOD CITY 105,23.81
312,09/26/17,SPROUTS FARMERS MAR,16.31
313,09/29/17,SPROUTS FARMERS MAR,4.54
314,10/02/17,FRYS-MKTPLACE 625,47.15
315,10/03/17,99 CENTS ONLY STORES 2,4.10
316,10/04/17,FRYS-MKTPLACE 617,12.94
317,10/05/17,SAFEWAY 240,6.41
318,10/06/17,99-CENTS-ONLY 0322,17.00
319,10/06/17,FOOD CITY 105,8.05
320,10/06/17,FRYS-MKTPLACE 625,22.51
321,10/10/17,99 CENTS ONLY STORES 2,3.21
322,10/10/17,PURITANS PRIDE,38.34
323,10/12/17,99-CENTS-ONLY 0131,7.00
324,10/13/17,FOOD CITY 105,5.76
325,10/19/17,SAFEWAY 240,8.01
326,10/19/17,SPROUTS FARMERS MAR,3.76
327,10/20/17,FOOD CITY 105,5.49
328,10/21/17,WM SUPERCENTER 3241,17.20
329,10/23/17,99 CENTS ONLY STORES 2,9.83
330,10/23/17,SAFEWAY 1510,1.00
331,10/28/17,FRYS-FOOD-DRG 63 PRESCOTT,21.99
332,11/06/17,99 CENTS ONLY STORES 2,3.08
333,11/06/17,FOOD CITY 105,5.90
334,11/07/17,SAFEWAY 1510,14.31
335,11/07/17,SPROUTS FARMERS MAR,8.52
336,11/08/17,99 CENTS ONLY STORES 2,6.15
337,11/10/17,FOOD CITY 105,15.20
338,11/13/17,LEE LEE INTERNATION,12.27
339,11/14/17,BASHAS 120,14.85
340,11/16/17,99-CENTS-ONLY 0322,9.43
341,11/16/17,SAFEWAY 240,-3.99
342,11/16/17,SAFEWAY 240,5.98
343,11/16/17,SAFEWAY 240,29.18
344,11/17/17,SPROUTS FARMERS MAR,3.10
345,11/18/17,FOOD CITY 105,11.32
346,11/20/17,99 CENTS ONLY STORES 2,15.27
347,11/20/17,ALBERTSONS 0991,7.52
348,11/20/17,FRYS-FOOD-DRG 0074,4.39
349,11/21/17,99-CENTS-ONLY 0322,9.00
350,11/21/17,ALBERTSONS 0991,9.08
351,11/28/17,PAYPAL PURITANSPRI,55.08
352,12/07/17,SAFEWAY 240,3.29
353,12/08/17,SAFEWAY 240,5.52
354,12/11/17,99 CENTS ONLY STORES 2,5.91
355,12/11/17,99-CENTS-ONLY 166,11.00
356,12/11/17,FOOD CITY 104,31.79
357,12/12/17,ALBERTSONS 0991,8.52
358,12/13/17,99-CENTS-ONLY 0131,5.42
359,12/13/17,FOOD CITY 105,3.85
360,12/14/17,99 CENTS ONLY STORES 2,5.13
361,12/15/17,FOOD CITY 105,4.03
362,12/15/17,FOOD CITY 105,9.39
363,12/16/17,FOOD CITY 105,6.66
364,12/18/17,FOOD CITY 105,1.76
365,12/20/17,FRYS-MKTPLACE 625,5.11
366,12/20/17,FRYS-MKTPLACE 625,9.54
367,12/22/17,SPROUTS FARMERS MAR,10.62
368,12/23/17,99 CENTS ONLY STORES 2,2.05
369,12/23/17,SPROUTS FARMERS MARSPR,-1.00
370,05/20/17,ANTIVIRUSHELPER.COM,2.99
371,06/21/17,ANTIVIRUSHELPER.COM,8.99
372,07/20/17,ANTIVIRUSHELPER.COM,8.99
373,08/21/17,WWWTOTALAV.COM,8.99
374,09/07/17,MAJOR APPLIANCE PARTS,131.15
375,09/20/17,WWWTOTALAV.COM,8.99
376,10/21/17,WWWTOTALAV.COM,8.99
377,11/17/17,PAYPAL DRVRSUPPORT,9.99
378,12/18/17,PAYPAL DRVRSUPPORT,9.99
379,02/10/17,RUSSELL S DUERKSEN TR CHINO,2000.00
380,02/17/17,CITY SERVICES GLENDALE,77.08
381,02/25/17,COVENANT HOUSE,200.00
382,03/18/17,ARIZONA TREE TURF,15.15
383,04/11/17,RUSSELL S DUERKSEN TR CHINO,1000.00
384,04/11/17,USPS PO 0377700650,52.00
385,04/20/17,CITY SERVICES GLENDALE,103.98
386,05/01/17,USPS PO 0334790321,6.65
387,05/11/17,USPS PO 0334790321,10.05
388,06/26/17,CITY SERVICES GLENDALE,96.47
389,07/04/17,PRESCOTT MVD,79.73
390,07/11/17,RUSSELL S DUERKSEN OP,2000.00
391,07/19/17,MARVEL THUNDERBIRD,21.73
392,08/24/17,CITY SERVICES GLENDALE,84.16
393,10/07/17,CITY SERVICES GLENDALE,117.28
394,10/20/17,FICFOREMOST INSURANCE,221.00
395,11/02/17,RUSSELL S DUERKSEN TR,1000.00
396,11/13/17,MARVEL THUNDERBIRD,46.06
397,11/29/17,PAYPAL FACEBOOKPAY,200.00
398,12/07/17,BUDGET BROTHERS TERMIT,110.00
399,12/11/17,CITY SERVICES GLENDALE,108.33
400,01/11/17,CLUB WYNDHAM PLUS,166.44
401,02/01/17,CIBOLA VISTA RESORTSP,1574.21
402,02/09/17,CLUB WYNDHAM PLUS,166.44
403,03/09/17,CLUB WYNDHAM PLUS,166.44
404,04/13/17,CLUB WYNDHAM PLUS,166.44
405,04/19/17,WYNDHAM LFCI GUEST POI,39.00
406,05/11/17,CLUB WYNDHAM PLUS,166.44
407,06/09/17,CLUB WYNDHAM PLUS,166.44
408,06/26/17,WYNDHAM RESERVATION TR,454.84
409,07/10/17,CLUB WYNDHAM PLUS,166.44
410,08/10/17,CLUB WYNDHAM PLUS,166.44
411,09/09/17,CLUB WYNDHAM PLUS,166.44
412,10/06/17,WYNDHAM FAX- POA,89.00
413,10/11/17,CLUB WYNDHAM PLUS,166.44
414,11/09/17,CLUB WYNDHAM PLUS,225.23
415,12/09/17,CLUB WYNDHAM PLUS,225.23
416,01/02/17,LITTLE CEASARS,5.40
417,01/30/17,SUBWAY 03298429,6.00
418,02/11/17,SUBWAY 03236056 CHINO,3.86
419,02/15/17,MJSBBQ CHICKEN FISH.,24.72
420,02/20/17,SUBWAY 00026351,6.00
421,04/03/17,SUBWAY 00026351,6.00
422,04/24/17,SUBWAY 03298429,6.46
423,05/22/17,MINGS CAFE,22.10
424,07/01/17,PICKLES PLACE,11.78
425,07/17/17,LITTLE CAESARS 2060-00,5.99
426,08/07/17,CHINA TOWN EXPRESS 108 LA,6.75
427,08/28/17,SUBWAY 03298429,6.00
428,10/09/17,MACAYOS BELL,26.91
429,12/22/17,PHOENIX CAFE 18136697,6.89
430,01/02/17,EXXONMOBIL 97615371 YORBA,30.85
431,01/09/17,SAMSCLUB 4732,33.17
432,01/26/17,SAMSCLUB 4732 GAS,33.21
433,01/27/17,SAMS CLUB 6608,21.01
434,01/31/17,SAMS CLUB 4732,31.26
435,02/09/17,SAMS CLUB 6608,43.91
436,02/18/17,SAMSCLUB 4732,19.23
437,02/25/17,SAMSCLUB 4732 GAS,30.84
438,03/01/17,QT 430 05004304,50.04
439,03/04/17,SAMS CLUB 4732,14.57
440,03/09/17,CIRCLE K 09166,50.79
441,03/13/17,SAMSCLUB 4732,31.71
442,03/25/17,QT 421 05004213,40.45
443,04/01/17,SAMSCLUB 4732 GAS,31.60
444,04/03/17,QT 421 05004213,38.80
445,04/08/17,SAMSCLUB 4732,33.65
446,04/10/17,QT 421 05004213,20.56
447,04/18/17,FRYS 7063 PRESCOTT,53.07
448,04/22/17,SAMSCLUB 4732,29.42
449,04/24/17,EXXONMOBIL 97615371 YORBA,35.69
450,04/27/17,QT 421 05004213,37.79
451,04/29/17,SAMS CLUB 4732,33.14
452,05/05/17,FRYS FUEL 7077,29.38
453,05/13/17,SAMS CLUB 4732,25.22
454,05/19/17,SAMSCLUB 6608 GAS,38.20
455,05/22/17,CONOCO - TOWN PUMP 5 G GREAT,69.28
456,05/22/17,LOVES COUNTRY 00003350 CEDAR,74.55
457,05/23/17,SHELL OIL 57444637409,65.94
458,06/14/17,SAMS CLUB 4732,35.40
459,07/01/17,PHILLIPS 66 - VALLEY C,51.95
460,07/03/17,LOVES COUNTRY 00003400 LAS,75.05
461,07/03/17,LOVES COUNTRY 00005405 LAS,8.66
462,07/04/17,FRYS FUEL 7116,25.61
463,07/06/17,FRYS FUEL 7045,45.15
464,07/10/17,FRYS FUEL 7617,20.22
465,07/13/17,FRYS FUEL 7045,58.51
466,07/17/17,EXXONMOBIL 97615371 YORBA,38.81
467,07/19/17,FRYS FUEL 7045,61.73
468,08/01/17,FRYS FUEL 7077,46.60
469,08/04/17,FRYS FUEL 7127,25.82
470,08/05/17,SAMS CLUB 4732,12.41
471,08/07/17,IMPERIAL STATIONS INC LA,31.13
472,08/08/17,COSTCO GAS 0674,26.87
473,08/14/17,SAMSCLUB 6608,60.50
474,08/18/17,FRYS FUEL 7077,49.84
475,08/24/17,COSTCO GAS 0674,31.38
476,08/28/17,EXXONMOBIL 97615371 YORBA,45.21
477,08/30/17,SAMSCLUB 4732 GAS,16.61
478,08/31/17,FRYS FUEL 7028,49.85
479,09/12/17,CIRCLE K 09166,56.41
480,09/23/17,SAMS CLUB 4732,20.90
481,09/25/17,EXXONMOBIL 97615371 YORBA,33.27
482,09/26/17,SAMSCLUB 6608 GAS,30.46
483,10/10/17,SAMS CLUB 6608,72.63
484,10/21/17,SAMS CLUB 6608,54.68
485,10/25/17,QT 490 05004908,8.68
486,10/25/17,QT 490 05004908,9.05
487,10/28/17,FRYS 7063 PRESCOTT,36.77
488,11/07/17,FRYS FUEL 7617,46.81
489,11/13/17,COSTCO GAS 0674,28.64
490,11/13/17,QT 430 05004304,49.74
491,11/22/17,FRYS FUEL 7077,56.49
492,11/24/17,SAMSCLUB 6608 GAS,17.59
493,11/30/17,SAMS CLUB 6608,45.33
494,12/09/17,SAMSCLUB 4732,33.35
495,12/20/17,FRYS FUEL 7006,40.34
496,01/26/17,OREILLY AUTO 2791,3.27
497,02/04/17,OREILLY AUTO 2791,12.00
498,02/15/17,OREILLY AUTO 2791,25.11
499,02/16/17,SONS AUTOMOTIVE SERVIC,76.09
500,03/18/17,ALS RV SERVICE SUPPLY,126.78
501,03/30/17,GALPIN FORD- DEWEY,22.27
502,04/03/17,SONS AUTOMOTIVE SERVIC,299.71
503,04/06/17,ALS RV SERVICE SUPPLY,14.94
504,05/05/17,GALPIN FORD- PRESCOTT,23.08
505,05/13/17,DISCOUNT-TIRE-CO AZP-1,363.23
506,05/13/17,OREILLY AUTO 2791,17.46
507,05/17/17,OREILLY AUTO 2791,-6.02
508,09/13/17,LHM TOYOTA PEORIA,53.48
509,10/07/17,GALPIN FORD- DEWEY,23.26
510,11/11/17,OREILLY AUTO 2791,236.95
511,11/13/17,GALPIN FORD- DEWEY,24.98
512,11/13/17,OREILLY AUTO 2791,-40.40
513,11/22/17,GALPIN FORD- DEWEY,24.28
514,05/22/17,THUNDERBIRD MOTEL,58.76
515,07/01/17,DK MOTEL,67.79
516,09/30/17,Vacation Management Se PORT,350.29
517,11/15/17,PAYPAL VACATONFRBO,9.95
518,11/16/17,PAYPAL VACATONFRBO,9.95
519,02/01/17,MEDICAL DIAGNOSTIC IMA,20.66
520,02/27/17,SHS HONORHEALTH,49.48
521,03/15/17,GARY ORESKOVICH DDS,350.00
522,04/05/17,GARY ORESKOVICH DDS,146.50
523,04/08/17,SUNCOAST DENTAL,185.00
524,05/17/17,DR I ROBERT MATLOFF,149.40
525,05/18/17,WESTGATE PERIODONTICS,151.40
526,06/30/17,GARY ORESKOVICH DDS,12.40
527,07/01/17,DEER VALLEY MEDICAL,15.00
528,12/09/17,SHS HONORHEALTH,15.00
529,12/12/17,ARIZONA FOOTANKLE C,25.00
530,12/15/17,ARIZONA DIGESTIVE HEAL,25.00
531,01/30/17,CVSPHARMACY 09777,9.15
532,02/02/17,CVSPHARMACY 00017,0.79
533,02/14/17,CVSPHARMACY 00017,5.13
534,02/15/17,CVSPHARMACY 00017,15.09
535,03/17/17,CVSPHARMACY 00017,4.64
536,04/08/17,CVSPHARMACY 00017,5.78
537,04/24/17,CVSPHARMACY 09777,5.73
538,05/15/17,CVSPHARMACY 00017,20.22
539,05/16/17,CVSPHARMACY 00017,4.64
540,05/18/17,CVSPHARMACY 00017,1.39
541,07/01/17,CVSPHARMACY 00017,2.44
542,08/14/17,CVSPHARMACY 00017,19.63
543,11/24/17,CVSPHARMACY 00017,19.63
544,01/16/17,COXPHOENIX COMM SERV,117.03
545,02/02/17,ISACA,170.00
546,02/16/17,COXPHOENIX COMM SERV,96.91
547,03/20/17,COX PHOENIX COMM SERV,71.91
548,04/17/17,COX PHOENIX COMM SERV,96.91
549,05/08/17,PAYPAL UDEMY,10.00
550,05/17/17,COX PHOENIX COMM SERV,97.03
551,06/16/17,COX PHOENIX COMM SERV,97.03
552,07/17/17,COX PHOENIX COMM SERV,97.03
553,08/16/17,COX PHOENIX COMM SERV,97.10
554,09/16/17,COX PHOENIX COMM SERV,75.16
555,10/17/17,COX PHOENIX COMM SERV,93.17
556,10/23/17,ATT SM09 5444,54.59
557,11/16/17,COX PHOENIX COMM SERV,89.62
558,12/18/17,COX PHOENIX COMM SERV,89.62
